ciudad,provincia,pais
El Encanto,Amazonas,Colombia
La Chorrera,Amazonas,Colombia
La Pedrera,Amazonas,Colombia
La Victoria,Amazonas,Colombia
Leticia,Amazonas,Colombia
Miriti - Paraná,Amazonas,Colombia
Puerto Alegría,Amazonas,Colombia
Puerto Arica,Amazonas,Colombia
Puerto Nariño,Amazonas,Colombia
Puerto Santander,Amazonas,Colombia
Tarapacá,Amazonas,Colombia
Abejorral,Antioquia,Colombia
Abriaquí,Antioquia,Colombia
Alejandría,Antioquia,Colombia
Amagá,Antioquia,Colombia
Amalfi,Antioquia,Colombia
Andes,Antioquia,Colombia
Angelópolis,Antioquia,Colombia
Angostura,Antioquia,Colombia
Anorí,Antioquia,Colombia
Anza,Antioquia,Colombia
Apartadó,Antioquia,Colombia
Arboletes,Antioquia,Colombia
Argelia,Antioquia,Colombia
Armenia,Antioquia,Colombia
Barbosa,Antioquia,Colombia
Bello,Antioquia,Colombia
Belmira,Antioquia,Colombia
Betania,Antioquia,Colombia
Betulia,Antioquia,Colombia
Briceño,Antioquia,Colombia
Buriticá,Antioquia,Colombia
Cáceres,Antioquia,Colombia
Caicedo,Antioquia,Colombia
Caldas,Antioquia,Colombia
Campamento,Antioquia,Colombia
Cañasgordas,Antioquia,Colombia
Caracolí,Antioquia,Colombia
Caramanta,Antioquia,Colombia
Carepa,Antioquia,Colombia
Carolina,Antioquia,Colombia
Caucasia,Antioquia,Colombia
Chigorodó,Antioquia,Colombia
Cisneros,Antioquia,Colombia
Ciudad Bolívar,Antioquia,Colombia
Cocorná,Antioquia,Colombia
Concepción,Antioquia,Colombia
Concordia,Antioquia,Colombia
Copacabana,Antioquia,Colombia
Dabeiba,Antioquia,Colombia
Donmatías,Antioquia,Colombia
Ebéjico,Antioquia,Colombia
El Bagre,Antioquia,Colombia
El Carmen de Viboral,Antioquia,Colombia
El Santuario,Antioquia,Colombia
Entrerrios,Antioquia,Colombia
Envigado,Antioquia,Colombia
Fredonia,Antioquia,Colombia
Frontino,Antioquia,Colombia
Giraldo,Antioquia,Colombia
Girardota,Antioquia,Colombia
Gómez Plata,Antioquia,Colombia
Granada,Antioquia,Colombia
Guadalupe,Antioquia,Colombia
Guarne,Antioquia,Colombia
Guatapé,Antioquia,Colombia
Heliconia,Antioquia,Colombia
Hispania,Antioquia,Colombia
Itagui,Antioquia,Colombia
Ituango,Antioquia,Colombia
Jardín,Antioquia,Colombia
Jericó,Antioquia,Colombia
La Ceja,Antioquia,Colombia
La Estrella,Antioquia,Colombia
La Pintada,Antioquia,Colombia
La Unión,Antioquia,Colombia
Liborina,Antioquia,Colombia
Maceo,Antioquia,Colombia
Marinilla,Antioquia,Colombia
Medellín,Antioquia,Colombia
Montebello,Antioquia,Colombia
Murindó,Antioquia,Colombia
Mutatá,Antioquia,Colombia
Nariño,Antioquia,Colombia
Nechí,Antioquia,Colombia
Necoclí,Antioquia,Colombia
Olaya,Antioquia,Colombia
Peñol,Antioquia,Colombia
Peque,Antioquia,Colombia
Pueblorrico,Antioquia,Colombia
Puerto Berrío,Antioquia,Colombia
Puerto Nare,Antioquia,Colombia
Puerto Triunfo,Antioquia,Colombia
Remedios,Antioquia,Colombia
Retiro,Antioquia,Colombia
Rionegro,Antioquia,Colombia
Sabanalarga,Antioquia,Colombia
Sabaneta,Antioquia,Colombia
Salgar,Antioquia,Colombia
San Andrés de Cuerquía,Antioquia,Colombia
San Carlos,Antioquia,Colombia
San Francisco,Antioquia,Colombia
San Jerónimo,Antioquia,Colombia
San José de la Montaña,Antioquia,Colombia
San Juan de Urabá,Antioquia,Colombia
San Luis,Antioquia,Colombia
San Pedro de los Milagros,Antioquia,Colombia
San Pedro de Uraba,Antioquia,Colombia
San Rafael,Antioquia,Colombia
San Roque,Antioquia,Colombia
San Vicente Ferrer,Antioquia,Colombia
Santa Bárbara,Antioquia,Colombia
Santa Fe de Antioquia,Antioquia,Colombia
Santa Rosa de Osos,Antioquia,Colombia
Santo Domingo,Antioquia,Colombia
Segovia,Antioquia,Colombia
Sonson,Antioquia,Colombia
Sopetrán,Antioquia,Colombia
Támesis,Antioquia,Colombia
Tarazá,Antioquia,Colombia
Tarso,Antioquia,Colombia
Titiribí,Antioquia,Colombia
Toledo,Antioquia,Colombia
Turbo,Antioquia,Colombia
Uramita,Antioquia,Colombia
Urrao,Antioquia,Colombia
Valdivia,Antioquia,Colombia
Valparaíso,Antioquia,Colombia
Vegachí,Antioquia,Colombia
Venecia,Antioquia,Colombia
Vigía del Fuerte,Antioquia,Colombia
Yalí,Antioquia,Colombia
Yarumal,Antioquia,Colombia
Yolombó,Antioquia,Colombia
Yondó,Antioquia,Colombia
Zaragoza,Antioquia,Colombia
Arauca,Arauca,Colombia
Arauquita,Arauca,Colombia
Cravo Norte,Arauca,Colombia
Fortul,Arauca,Colombia
Puerto Rondón,Arauca,Colombia
Saravena,Arauca,Colombia
Tame,Arauca,Colombia
Providencia,"Archipiélago de San Andrés, Providencia y Santa Catalina",Colombia
San Andrés,"Archipiélago de San Andrés, Providencia y Santa Catalina",Colombia
Baranoa,Atlántico,Colombia
Barranquilla,Atlántico,Colombia
Campo de la Cruz,Atlántico,Colombia
Candelaria,Atlántico,Colombia
Galapa,Atlántico,Colombia
Juan de Acosta,Atlántico,Colombia
Luruaco,Atlántico,Colombia
Malambo,Atlántico,Colombia
Manatí,Atlántico,Colombia
Palmar de Varela,Atlántico,Colombia
Piojó,Atlántico,Colombia
Polonuevo,Atlántico,Colombia
Ponedera,Atlántico,Colombia
Puerto Colombia,Atlántico,Colombia
Repelón,Atlántico,Colombia
Sabanagrande,Atlántico,Colombia
Sabanalarga,Atlántico,Colombia
Santa Lucía,Atlántico,Colombia
Santo Tomás,Atlántico,Colombia
Soledad,Atlántico,Colombia
Suan,Atlántico,Colombia
Tubará,Atlántico,Colombia
Usiacurí,Atlántico,Colombia
Bogotá D.C.,Bogotá D.C.,Colombia
Achí,Bolívar,Colombia
Altos del Rosario,Bolívar,Colombia
Arenal,Bolívar,Colombia
Arjona,Bolívar,Colombia
Arroyohondo,Bolívar,Colombia
Barranco de Loba,Bolívar,Colombia
Calamar,Bolívar,Colombia
Cantagallo,Bolívar,Colombia
Cartagena de Indias,Bolívar,Colombia
Cicuco,Bolívar,Colombia
Clemencia,Bolívar,Colombia
Córdoba,Bolívar,Colombia
El Carmen de Bolívar,Bolívar,Colombia
El Guamo,Bolívar,Colombia
El Peñón,Bolívar,Colombia
Hatillo de Loba,Bolívar,Colombia
Magangué,Bolívar,Colombia
Mahates,Bolívar,Colombia
Margarita,Bolívar,Colombia
María la Baja,Bolívar,Colombia
Mompós,Bolívar,Colombia
Montecristo,Bolívar,Colombia
Morales,Bolívar,Colombia
Norosí,Bolívar,Colombia
Pinillos,Bolívar,Colombia
Regidor,Bolívar,Colombia
Río Viejo,Bolívar,Colombia
San Cristóbal,Bolívar,Colombia
San Estanislao,Bolívar,Colombia
San Fernando,Bolívar,Colombia
San Jacinto,Bolívar,Colombia
San Jacinto del Cauca,Bolívar,Colombia
San Juan Nepomuceno,Bolívar,Colombia
San Martín de Loba,Bolívar,Colombia
San Pablo,Bolívar,Colombia
Santa Catalina,Bolívar,Colombia
Santa Rosa,Bolívar,Colombia
Santa Rosa del Sur,Bolívar,Colombia
Simití,Bolívar,Colombia
Soplaviento,Bolívar,Colombia
Talaigua Nuevo,Bolívar,Colombia
Tiquisio,Bolívar,Colombia
Turbaco,Bolívar,Colombia
Turbaná,Bolívar,Colombia
Villanueva,Bolívar,Colombia
Zambrano,Bolívar,Colombia
Almeida,Boyacá,Colombia
Aquitania,Boyacá,Colombia
Arcabuco,Boyacá,Colombia
Belén,Boyacá,Colombia
Berbeo,Boyacá,Colombia
Betéitiva,Boyacá,Colombia
Boavita,Boyacá,Colombia
Boyacá,Boyacá,Colombia
Briceño,Boyacá,Colombia
Buenavista,Boyacá,Colombia
Busbanzá,Boyacá,Colombia
Caldas,Boyacá,Colombia
Campohermoso,Boyacá,Colombia
Cerinza,Boyacá,Colombia
Chinavita,Boyacá,Colombia
Chiquinquirá,Boyacá,Colombia
Chíquiza,Boyacá,Colombia
Chiscas,Boyacá,Colombia
Chita,Boyacá,Colombia
Chitaraque,Boyacá,Colombia
Chivatá,Boyacá,Colombia
Chivor,Boyacá,Colombia
Ciénega,Boyacá,Colombia
Combita,Boyacá,Colombia
Coper,Boyacá,Colombia
Corrales,Boyacá,Colombia
Covarachía,Boyacá,Colombia
Cubará,Boyacá,Colombia
Cucaita,Boyacá,Colombia
Cuítiva,Boyacá,Colombia
Duitama,Boyacá,Colombia
El Cocuy,Boyacá,Colombia
El Espino,Boyacá,Colombia
Firavitoba,Boyacá,Colombia
Floresta,Boyacá,Colombia
Gachantivá,Boyacá,Colombia
Gameza,Boyacá,Colombia
Garagoa,Boyacá,Colombia
Guacamayas,Boyacá,Colombia
Guateque,Boyacá,Colombia
Guayatá,Boyacá,Colombia
Güicán,Boyacá,Colombia
Iza,Boyacá,Colombia
Jenesano,Boyacá,Colombia
Jericó,Boyacá,Colombia
La Capilla,Boyacá,Colombia
La Uvita,Boyacá,Colombia
La Victoria,Boyacá,Colombia
Labranzagrande,Boyacá,Colombia
Macanal,Boyacá,Colombia
Maripí,Boyacá,Colombia
Miraflores,Boyacá,Colombia
Mongua,Boyacá,Colombia
Monguí,Boyacá,Colombia
Moniquirá,Boyacá,Colombia
Motavita,Boyacá,Colombia
Muzo,Boyacá,Colombia
Nobsa,Boyacá,Colombia
Nuevo Colón,Boyacá,Colombia
Oicatá,Boyacá,Colombia
Otanche,Boyacá,Colombia
Pachavita,Boyacá,Colombia
Páez,Boyacá,Colombia
Paipa,Boyacá,Colombia
Pajarito,Boyacá,Colombia
Panqueba,Boyacá,Colombia
Pauna,Boyacá,Colombia
Paya,Boyacá,Colombia
Paz de Río,Boyacá,Colombia
Pesca,Boyacá,Colombia
Pisba,Boyacá,Colombia
Puerto Boyacá,Boyacá,Colombia
Quípama,Boyacá,Colombia
Ramiriquí,Boyacá,Colombia
Ráquira,Boyacá,Colombia
Rondón,Boyacá,Colombia
Saboyá,Boyacá,Colombia
Sáchica,Boyacá,Colombia
Samacá,Boyacá,Colombia
San Eduardo,Boyacá,Colombia
San José de Pare,Boyacá,Colombia
San Luis de Gaceno,Boyacá,Colombia
San Mateo,Boyacá,Colombia
San Miguel de Sema,Boyacá,Colombia
San Pablo de Borbur,Boyacá,Colombia
Santa María,Boyacá,Colombia
Santa Rosa de Viterbo,Boyacá,Colombia
Santa Sofía,Boyacá,Colombia
Santana,Boyacá,Colombia
Sativanorte,Boyacá,Colombia
Sativasur,Boyacá,Colombia
Siachoque,Boyacá,Colombia
Soatá,Boyacá,Colombia
Socha,Boyacá,Colombia
Socotá,Boyacá,Colombia
Sogamoso,Boyacá,Colombia
Somondoco,Boyacá,Colombia
Sora,Boyacá,Colombia
Soracá,Boyacá,Colombia
Sotaquirá,Boyacá,Colombia
Susacón,Boyacá,Colombia
Sutamarchán,Boyacá,Colombia
Sutatenza,Boyacá,Colombia
Tasco,Boyacá,Colombia
Tenza,Boyacá,Colombia
Tibaná,Boyacá,Colombia
Tibasosa,Boyacá,Colombia
Tinjacá,Boyacá,Colombia
Tipacoque,Boyacá,Colombia
Toca,Boyacá,Colombia
Togüí,Boyacá,Colombia
Tópaga,Boyacá,Colombia
Tota,Boyacá,Colombia
Tunja,Boyacá,Colombia
Tununguá,Boyacá,Colombia
Turmequé,Boyacá,Colombia
Tuta,Boyacá,Colombia
Tutazá,Boyacá,Colombia
Umbita,Boyacá,Colombia
Ventaquemada,Boyacá,Colombia
Villa de Leyva,Boyacá,Colombia
Viracachá,Boyacá,Colombia
Zetaquira,Boyacá,Colombia
Aguadas,Caldas,Colombia
Anserma,Caldas,Colombia
Aranzazu,Caldas,Colombia
Belalcázar,Caldas,Colombia
Chinchiná,Caldas,Colombia
Filadelfia,Caldas,Colombia
La Dorada,Caldas,Colombia
La Merced,Caldas,Colombia
Manizales,Caldas,Colombia
Manzanares,Caldas,Colombia
Marmato,Caldas,Colombia
Marquetalia,Caldas,Colombia
Marulanda,Caldas,Colombia
Neira,Caldas,Colombia
Norcasia,Caldas,Colombia
Pácora,Caldas,Colombia
Palestina,Caldas,Colombia
Pensilvania,Caldas,Colombia
Riosucio,Caldas,Colombia
Risaralda,Caldas,Colombia
Salamina,Caldas,Colombia
Samaná,Caldas,Colombia
San José,Caldas,Colombia
Supía,Caldas,Colombia
Victoria,Caldas,Colombia
Villamaría,Caldas,Colombia
Viterbo,Caldas,Colombia
Albania,Caquetá,Colombia
Belén de Los Andaquies,Caquetá,Colombia
Cartagena del Chairá,Caquetá,Colombia
Curillo,Caquetá,Colombia
El Doncello,Caquetá,Colombia
El Paujil,Caquetá,Colombia
Florencia,Caquetá,Colombia
La Montañita,Caquetá,Colombia
Milán,Caquetá,Colombia
Morelia,Caquetá,Colombia
Puerto Rico,Caquetá,Colombia
San José del Fragua,Caquetá,Colombia
San Vicente del Caguán,Caquetá,Colombia
Solano,Caquetá,Colombia
Solita,Caquetá,Colombia
Valparaíso,Caquetá,Colombia
Aguazul,Casanare,Colombia
Chameza,Casanare,Colombia
Hato Corozal,Casanare,Colombia
La Salina,Casanare,Colombia
Maní,Casanare,Colombia
Monterrey,Casanare,Colombia
Nunchía,Casanare,Colombia
Orocué,Casanare,Colombia
Paz de Ariporo,Casanare,Colombia
Pore,Casanare,Colombia
Recetor,Casanare,Colombia
Sabanalarga,Casanare,Colombia
Sácama,Casanare,Colombia
San Luis de Palenque,Casanare,Colombia
Támara,Casanare,Colombia
Tauramena,Casanare,Colombia
Trinidad,Casanare,Colombia
Villanueva,Casanare,Colombia
Yopal,Casanare,Colombia
Almaguer,Cauca,Colombia
Argelia,Cauca,Colombia
Balboa,Cauca,Colombia
Bolívar,Cauca,Colombia
Buenos Aires,Cauca,Colombia
Cajibío,Cauca,Colombia
Caldono,Cauca,Colombia
Caloto,Cauca,Colombia
Corinto,Cauca,Colombia
El Tambo,Cauca,Colombia
Florencia,Cauca,Colombia
Guachené,Cauca,Colombia
Guapi,Cauca,Colombia
Inzá,Cauca,Colombia
Jambaló,Cauca,Colombia
La Sierra,Cauca,Colombia
La Vega,Cauca,Colombia
López de Micay,Cauca,Colombia
Mercaderes,Cauca,Colombia
Miranda,Cauca,Colombia
Morales,Cauca,Colombia
Padilla,Cauca,Colombia
Páez,Cauca,Colombia
Patía,Cauca,Colombia
Piamonte,Cauca,Colombia
Piendamo,Cauca,Colombia
Popayán,Cauca,Colombia
Puerto Tejada,Cauca,Colombia
Puracé,Cauca,Colombia
Rosas,Cauca,Colombia
San Sebastián,Cauca,Colombia
Santa Rosa,Cauca,Colombia
Santander de Quilichao,Cauca,Colombia
Silvia,Cauca,Colombia
Sotará,Cauca,Colombia
Suárez,Cauca,Colombia
Sucre,Cauca,Colombia
Timbío,Cauca,Colombia
Timbiquí,Cauca,Colombia
Toribio,Cauca,Colombia
Totoró,Cauca,Colombia
Villa Rica,Cauca,Colombia
Aguachica,Cesar,Colombia
Agustín Codazzi,Cesar,Colombia
Astrea,Cesar,Colombia
Becerril,Cesar,Colombia
Bosconia,Cesar,Colombia
Chimichagua,Cesar,Colombia
Chiriguaná,Cesar,Colombia
Curumaní,Cesar,Colombia
El Copey,Cesar,Colombia
El Paso,Cesar,Colombia
Gamarra,Cesar,Colombia
González,Cesar,Colombia
La Gloria,Cesar,Colombia
La Jagua de Ibirico,Cesar,Colombia
La Paz,Cesar,Colombia
Manaure Balcón del Cesar,Cesar,Colombia
Pailitas,Cesar,Colombia
Pelaya,Cesar,Colombia
Pueblo Bello,Cesar,Colombia
Río de Oro,Cesar,Colombia
San Alberto,Cesar,Colombia
San Diego,Cesar,Colombia
San Martín,Cesar,Colombia
Tamalameque,Cesar,Colombia
Valledupar,Cesar,Colombia
Acandí,Chocó,Colombia
Alto Baudó,Chocó,Colombia
Atrato,Chocó,Colombia
Bagadó,Chocó,Colombia
Bahía Solano,Chocó,Colombia
Bajo Baudó,Chocó,Colombia
Bojayá,Chocó,Colombia
Carmen del Darien,Chocó,Colombia
Cértegui,Chocó,Colombia
Condoto,Chocó,Colombia
El Cantón de San Pablo,Chocó,Colombia
El Carmen de Atrato,Chocó,Colombia
Istmina,Chocó,Colombia
Juradó,Chocó,Colombia
Litoral del San Juan,Chocó,Colombia
Lloró,Chocó,Colombia
Medio Atrato,Chocó,Colombia
Medio Baudó,Chocó,Colombia
Medio San Juan,Chocó,Colombia
Nóvita,Chocó,Colombia
Nuquí,Chocó,Colombia
Quibdó,Chocó,Colombia
Río Iro,Chocó,Colombia
Río Quito,Chocó,Colombia
Riosucio,Chocó,Colombia
San José del Palmar,Chocó,Colombia
Sipí,Chocó,Colombia
Tadó,Chocó,Colombia
Unguía,Chocó,Colombia
Unión Panamericana,Chocó,Colombia
Ayapel,Córdoba,Colombia
Buenavista,Córdoba,Colombia
Canalete,Córdoba,Colombia
Cereté,Córdoba,Colombia
Chimá,Córdoba,Colombia
Chinú,Córdoba,Colombia
Ciénaga de Oro,Córdoba,Colombia
Cotorra,Córdoba,Colombia
La Apartada,Córdoba,Colombia
Lorica,Córdoba,Colombia
Los Córdobas,Córdoba,Colombia
Momil,Córdoba,Colombia
Moñitos,Córdoba,Colombia
Montelíbano,Córdoba,Colombia
Montería,Córdoba,Colombia
Planeta Rica,Córdoba,Colombia
Pueblo Nuevo,Córdoba,Colombia
Puerto Escondido,Córdoba,Colombia
Puerto Libertador,Córdoba,Colombia
Purísima,Córdoba,Colombia
Sahagún,Córdoba,Colombia
San Andrés de Sotavento,Córdoba,Colombia
San Antero,Córdoba,Colombia
San Bernardo del Viento,Córdoba,Colombia
San Carlos,Córdoba,Colombia
San José de Uré,Córdoba,Colombia
San Pelayo,Córdoba,Colombia
Tierralta,Córdoba,Colombia
Tuchín,Córdoba,Colombia
Valencia,Córdoba,Colombia
Agua de Dios,Cundinamarca,Colombia
Albán,Cundinamarca,Colombia
Anapoima,Cundinamarca,Colombia
Anolaima,Cundinamarca,Colombia
Apulo,Cundinamarca,Colombia
Arbeláez,Cundinamarca,Colombia
Beltrán,Cundinamarca,Colombia
Bituima,Cundinamarca,Colombia
Bogotá D.C.,Cundinamarca,Colombia
Bojacá,Cundinamarca,Colombia
Cabrera,Cundinamarca,Colombia
Cachipay,Cundinamarca,Colombia
Cajicá,Cundinamarca,Colombia
Caparrapí,Cundinamarca,Colombia
Caqueza,Cundinamarca,Colombia
Carmen de Carupa,Cundinamarca,Colombia
Chaguaní,Cundinamarca,Colombia
Chía,Cundinamarca,Colombia
Chipaque,Cundinamarca,Colombia
Choachí,Cundinamarca,Colombia
Chocontá,Cundinamarca,Colombia
Cogua,Cundinamarca,Colombia
Cota,Cundinamarca,Colombia
Cucunubá,Cundinamarca,Colombia
El Colegio,Cundinamarca,Colombia
El Peñón,Cundinamarca,Colombia
El Rosal,Cundinamarca,Colombia
Facatativá,Cundinamarca,Colombia
Fomeque,Cundinamarca,Colombia
Fosca,Cundinamarca,Colombia
Funza,Cundinamarca,Colombia
Fúquene,Cundinamarca,Colombia
Fusagasugá,Cundinamarca,Colombia
Gachala,Cundinamarca,Colombia
Gachancipá,Cundinamarca,Colombia
Gachetá,Cundinamarca,Colombia
Gama,Cundinamarca,Colombia
Girardot,Cundinamarca,Colombia
Granada,Cundinamarca,Colombia
Guachetá,Cundinamarca,Colombia
Guaduas,Cundinamarca,Colombia
Guasca,Cundinamarca,Colombia
Guataquí,Cundinamarca,Colombia
Guatavita,Cundinamarca,Colombia
Guayabal de Siquima,Cundinamarca,Colombia
Guayabetal,Cundinamarca,Colombia
Gutiérrez,Cundinamarca,Colombia
Jerusalén,Cundinamarca,Colombia
Junín,Cundinamarca,Colombia
La Calera,Cundinamarca,Colombia
La Mesa,Cundinamarca,Colombia
La Palma,Cundinamarca,Colombia
La Peña,Cundinamarca,Colombia
La Vega,Cundinamarca,Colombia
Lenguazaque,Cundinamarca,Colombia
Macheta,Cundinamarca,Colombia
Madrid,Cundinamarca,Colombia
Manta,Cundinamarca,Colombia
Medina,Cundinamarca,Colombia
Mosquera,Cundinamarca,Colombia
Nariño,Cundinamarca,Colombia
Nemocón,Cundinamarca,Colombia
Nilo,Cundinamarca,Colombia
Nimaima,Cundinamarca,Colombia
Nocaima,Cundinamarca,Colombia
Pacho,Cundinamarca,Colombia
Paime,Cundinamarca,Colombia
Pandi,Cundinamarca,Colombia
Paratebueno,Cundinamarca,Colombia
Pasca,Cundinamarca,Colombia
Puerto Salgar,Cundinamarca,Colombia
Pulí,Cundinamarca,Colombia
Quebradanegra,Cundinamarca,Colombia
Quetame,Cundinamarca,Colombia
Quipile,Cundinamarca,Colombia
Ricaurte,Cundinamarca,Colombia
San Antonio del Tequendama,Cundinamarca,Colombia
San Bernardo,Cundinamarca,Colombia
San Cayetano,Cundinamarca,Colombia
San Francisco,Cundinamarca,Colombia
San Juan de Río Seco,Cundinamarca,Colombia
Sasaima,Cundinamarca,Colombia
Sesquilé,Cundinamarca,Colombia
Sibaté,Cundinamarca,Colombia
Silvania,Cundinamarca,Colombia
Simijaca,Cundinamarca,Colombia
Soacha,Cundinamarca,Colombia
Sopó,Cundinamarca,Colombia
Subachoque,Cundinamarca,Colombia
Suesca,Cundinamarca,Colombia
Supatá,Cundinamarca,Colombia
Susa,Cundinamarca,Colombia
Sutatausa,Cundinamarca,Colombia
Tabio,Cundinamarca,Colombia
Tausa,Cundinamarca,Colombia
Tena,Cundinamarca,Colombia
Tenjo,Cundinamarca,Colombia
Tibacuy,Cundinamarca,Colombia
Tibirita,Cundinamarca,Colombia
Tocaima,Cundinamarca,Colombia
Tocancipá,Cundinamarca,Colombia
Topaipí,Cundinamarca,Colombia
Ubalá,Cundinamarca,Colombia
Ubaque,Cundinamarca,Colombia
Une,Cundinamarca,Colombia
Útica,Cundinamarca,Colombia
Venecia,Cundinamarca,Colombia
Vergara,Cundinamarca,Colombia
Vianí,Cundinamarca,Colombia
Villa de San Diego de Ubate,Cundinamarca,Colombia
Villagómez,Cundinamarca,Colombia
Villapinzón,Cundinamarca,Colombia
Villeta,Cundinamarca,Colombia
Viotá,Cundinamarca,Colombia
Yacopí,Cundinamarca,Colombia
Zipacón,Cundinamarca,Colombia
Zipaquirá,Cundinamarca,Colombia
Barranco Minas,Guainía,Colombia
Cacahual,Guainía,Colombia
Inírida,Guainía,Colombia
La Guadalupe,Guainía,Colombia
Mapiripana,Guainía,Colombia
Morichal,Guainía,Colombia
Pana Pana,Guainía,Colombia
Puerto Colombia,Guainía,Colombia
San Felipe,Guainía,Colombia
Calamar,Guaviare,Colombia
El Retorno,Guaviare,Colombia
Miraflores,Guaviare,Colombia
San José del Guaviare,Guaviare,Colombia
Acevedo,Huila,Colombia
Aipe,Huila,Colombia
Algeciras,Huila,Colombia
Altamira,Huila,Colombia
Baraya,Huila,Colombia
Campoalegre,Huila,Colombia
Colombia,Huila,Colombia
El Agrado,Huila,Colombia
Elias,Huila,Colombia
Garzón,Huila,Colombia
Gigante,Huila,Colombia
Guadalupe,Huila,Colombia
Hobo,Huila,Colombia
Iquira,Huila,Colombia
Isnos,Huila,Colombia
La Argentina,Huila,Colombia
La Plata,Huila,Colombia
Nataga,Huila,Colombia
Neiva,Huila,Colombia
Oporapa,Huila,Colombia
Paicol,Huila,Colombia
Palermo,Huila,Colombia
Palestina,Huila,Colombia
Pital,Huila,Colombia
Pitalito,Huila,Colombia
Rivera,Huila,Colombia
Saladoblanco,Huila,Colombia
San Agustín,Huila,Colombia
Santa María,Huila,Colombia
Suaza,Huila,Colombia
Tarqui,Huila,Colombia
Tello,Huila,Colombia
Teruel,Huila,Colombia
Tesalia,Huila,Colombia
Timana,Huila,Colombia
Villavieja,Huila,Colombia
Yaguará,Huila,Colombia
Albania,La Guajira,Colombia
Barrancas,La Guajira,Colombia
Dibulla,La Guajira,Colombia
Distracción,La Guajira,Colombia
El Molino,La Guajira,Colombia
Fonseca,La Guajira,Colombia
Hatonuevo,La Guajira,Colombia
La Jagua del Pilar,La Guajira,Colombia
Maicao,La Guajira,Colombia
Manaure,La Guajira,Colombia
Riohacha,La Guajira,Colombia
San Juan del Cesar,La Guajira,Colombia
Uribia,La Guajira,Colombia
Urumita,La Guajira,Colombia
Villanueva,La Guajira,Colombia
Algarrobo,Magdalena,Colombia
Aracataca,Magdalena,Colombia
Ariguaní,Magdalena,Colombia
Cerro de San Antonio,Magdalena,Colombia
Chivolo,Magdalena,Colombia
Ciénaga,Magdalena,Colombia
Concordia,Magdalena,Colombia
El Banco,Magdalena,Colombia
El Piñon,Magdalena,Colombia
El Retén,Magdalena,Colombia
Fundación,Magdalena,Colombia
Guamal,Magdalena,Colombia
Nueva Granada,Magdalena,Colombia
Pedraza,Magdalena,Colombia
Pijiño del Carmen,Magdalena,Colombia
Pivijay,Magdalena,Colombia
Plato,Magdalena,Colombia
Puebloviejo,Magdalena,Colombia
Remolino,Magdalena,Colombia
Sabanas de San Angel,Magdalena,Colombia
Salamina,Magdalena,Colombia
San Sebastián de Buenavista,Magdalena,Colombia
San Zenón,Magdalena,Colombia
Santa Ana,Magdalena,Colombia
Santa Bárbara de Pinto,Magdalena,Colombia
Santa Marta,Magdalena,Colombia
Sitionuevo,Magdalena,Colombia
Tenerife,Magdalena,Colombia
Zapayán,Magdalena,Colombia
Zona Bananera,Magdalena,Colombia
Acacías,Meta,Colombia
Barranca de Upía,Meta,Colombia
Cabuyaro,Meta,Colombia
Castilla la Nueva,Meta,Colombia
Cubarral,Meta,Colombia
Cumaral,Meta,Colombia
El Calvario,Meta,Colombia
El Castillo,Meta,Colombia
El Dorado,Meta,Colombia
Fuente de Oro,Meta,Colombia
Granada,Meta,Colombia
Guamal,Meta,Colombia
La Macarena,Meta,Colombia
Lejanías,Meta,Colombia
Mapiripán,Meta,Colombia
Mesetas,Meta,Colombia
Puerto Concordia,Meta,Colombia
Puerto Gaitán,Meta,Colombia
Puerto Lleras,Meta,Colombia
Puerto López,Meta,Colombia
Puerto Rico,Meta,Colombia
Restrepo,Meta,Colombia
San Carlos de Guaroa,Meta,Colombia
San Juan de Arama,Meta,Colombia
San Juanito,Meta,Colombia
San Martín,Meta,Colombia
Uribe,Meta,Colombia
Villavicencio,Meta,Colombia
Vistahermosa,Meta,Colombia
Aldana,Nariño,Colombia
Ancuya,Nariño,Colombia
Arboleda,Nariño,Colombia
Barbacoas,Nariño,Colombia
Belén,Nariño,Colombia
Buesaco,Nariño,Colombia
Chachagüí,Nariño,Colombia
Colón,Nariño,Colombia
Consaca,Nariño,Colombia
Contadero,Nariño,Colombia
Córdoba,Nariño,Colombia
Cuaspud,Nariño,Colombia
Cumbal,Nariño,Colombia
Cumbitara,Nariño,Colombia
El Charco,Nariño,Colombia
El Peñol,Nariño,Colombia
El Rosario,Nariño,Colombia
El Tablón de Gómez,Nariño,Colombia
El Tambo,Nariño,Colombia
Francisco Pizarro,Nariño,Colombia
Funes,Nariño,Colombia
Guachucal,Nariño,Colombia
Guaitarilla,Nariño,Colombia
Gualmatán,Nariño,Colombia
Iles,Nariño,Colombia
Imués,Nariño,Colombia
Ipiales,Nariño,Colombia
La Cruz,Nariño,Colombia
La Florida,Nariño,Colombia
La Llanada,Nariño,Colombia
La Tola,Nariño,Colombia
La Unión,Nariño,Colombia
Leiva,Nariño,Colombia
Linares,Nariño,Colombia
Los Andes,Nariño,Colombia
Magüí Payán,Nariño,Colombia
Mallama,Nariño,Colombia
Mosquera,Nariño,Colombia
Nariño,Nariño,Colombia
Olaya Herrera,Nariño,Colombia
Ospina,Nariño,Colombia
Pasto,Nariño,Colombia
Policarpa,Nariño,Colombia
Potosí,Nariño,Colombia
Providencia,Nariño,Colombia
Puerres,Nariño,Colombia
Pupiales,Nariño,Colombia
Ricaurte,Nariño,Colombia
Roberto Payán,Nariño,Colombia
Samaniego,Nariño,Colombia
San Bernardo,Nariño,Colombia
San José de Albán,Nariño,Colombia
San Lorenzo,Nariño,Colombia
San Pablo,Nariño,Colombia
San Pedro de Cartago,Nariño,Colombia
Sandoná,Nariño,Colombia
Santa Bárbara,Nariño,Colombia
Santacruz,Nariño,Colombia
Sapuyes,Nariño,Colombia
Taminango,Nariño,Colombia
Tangua,Nariño,Colombia
Tumaco,Nariño,Colombia
Túquerres,Nariño,Colombia
Yacuanquer,Nariño,Colombia
Abrego,Norte de Santander,Colombia
Arboledas,Norte de Santander,Colombia
Bochalema,Norte de Santander,Colombia
Bucarasica,Norte de Santander,Colombia
Cachirá,Norte de Santander,Colombia
Cácota,Norte de Santander,Colombia
Chinácota,Norte de Santander,Colombia
Chitagá,Norte de Santander,Colombia
Convención,Norte de Santander,Colombia
Cúcuta,Norte de Santander,Colombia
Cucutilla,Norte de Santander,Colombia
Durania,Norte de Santander,Colombia
El Carmen,Norte de Santander,Colombia
El Tarra,Norte de Santander,Colombia
El Zulia,Norte de Santander,Colombia
Gramalote,Norte de Santander,Colombia
Hacarí,Norte de Santander,Colombia
Herrán,Norte de Santander,Colombia
La Esperanza,Norte de Santander,Colombia
La Playa,Norte de Santander,Colombia
Labateca,Norte de Santander,Colombia
Los Patios,Norte de Santander,Colombia
Lourdes,Norte de Santander,Colombia
Mutiscua,Norte de Santander,Colombia
Ocaña,Norte de Santander,Colombia
Pamplona,Norte de Santander,Colombia
Pamplonita,Norte de Santander,Colombia
Puerto Santander,Norte de Santander,Colombia
Ragonvalia,Norte de Santander,Colombia
Salazar,Norte de Santander,Colombia
San Calixto,Norte de Santander,Colombia
San Cayetano,Norte de Santander,Colombia
Santiago,Norte de Santander,Colombia
Sardinata,Norte de Santander,Colombia
Silos,Norte de Santander,Colombia
Teorama,Norte de Santander,Colombia
Tibú,Norte de Santander,Colombia
Toledo,Norte de Santander,Colombia
Villa Caro,Norte de Santander,Colombia
Villa del Rosario,Norte de Santander,Colombia
Colón,Putumayo,Colombia
Mocoa,Putumayo,Colombia
Orito,Putumayo,Colombia
Puerto Asís,Putumayo,Colombia
Puerto Caicedo,Putumayo,Colombia
Puerto Guzmán,Putumayo,Colombia
Puerto Leguízamo,Putumayo,Colombia
San Francisco,Putumayo,Colombia
San Miguel,Putumayo,Colombia
Santiago,Putumayo,Colombia
Sibundoy,Putumayo,Colombia
Valle del Guamuez,Putumayo,Colombia
Villagarzón,Putumayo,Colombia
Armenia,Quindío,Colombia
Buenavista,Quindío,Colombia
Calarca,Quindío,Colombia
Circasia,Quindío,Colombia
Córdoba,Quindío,Colombia
Filandia,Quindío,Colombia
Génova,Quindío,Colombia
La Tebaida,Quindío,Colombia
Montenegro,Quindío,Colombia
Pijao,Quindío,Colombia
Quimbaya,Quindío,Colombia
Salento,Quindío,Colombia
Apía,Risaralda,Colombia
Balboa,Risaralda,Colombia
Belén de Umbría,Risaralda,Colombia
Dosquebradas,Risaralda,Colombia
Guática,Risaralda,Colombia
La Celia,Risaralda,Colombia
La Virginia,Risaralda,Colombia
Marsella,Risaralda,Colombia
Mistrató,Risaralda,Colombia
Pereira,Risaralda,Colombia
Pueblo Rico,Risaralda,Colombia
Quinchía,Risaralda,Colombia
Santa Rosa de Cabal,Risaralda,Colombia
Santuario,Risaralda,Colombia
Aguada,Santander,Colombia
Albania,Santander,Colombia
Aratoca,Santander,Colombia
Barbosa,Santander,Colombia
Barichara,Santander,Colombia
Barrancabermeja,Santander,Colombia
Betulia,Santander,Colombia
Bolívar,Santander,Colombia
Bucaramanga,Santander,Colombia
Cabrera,Santander,Colombia
California,Santander,Colombia
Capitanejo,Santander,Colombia
Carcasí,Santander,Colombia
Cepitá,Santander,Colombia
Cerrito,Santander,Colombia
Charalá,Santander,Colombia
Charta,Santander,Colombia
Chima,Santander,Colombia
Chipatá,Santander,Colombia
Cimitarra,Santander,Colombia
Concepción,Santander,Colombia
Confines,Santander,Colombia
Contratación,Santander,Colombia
Coromoro,Santander,Colombia
Curití,Santander,Colombia
El Carmen de Chucurí,Santander,Colombia
El Guacamayo,Santander,Colombia
El Peñón,Santander,Colombia
El Playón,Santander,Colombia
Encino,Santander,Colombia
Enciso,Santander,Colombia
Florián,Santander,Colombia
Floridablanca,Santander,Colombia
Galán,Santander,Colombia
Gambita,Santander,Colombia
Girón,Santander,Colombia
Guaca,Santander,Colombia
Guadalupe,Santander,Colombia
Guapotá,Santander,Colombia
Guavatá,Santander,Colombia
Güepsa,Santander,Colombia
Hato,Santander,Colombia
Jesús María,Santander,Colombia
Jordán,Santander,Colombia
La Belleza,Santander,Colombia
La Paz,Santander,Colombia
Landázuri,Santander,Colombia
Lebrija,Santander,Colombia
Los Santos,Santander,Colombia
Macaravita,Santander,Colombia
Málaga,Santander,Colombia
Matanza,Santander,Colombia
Mogotes,Santander,Colombia
Molagavita,Santander,Colombia
Ocamonte,Santander,Colombia
Oiba,Santander,Colombia
Onzaga,Santander,Colombia
Palmar,Santander,Colombia
Palmas del Socorro,Santander,Colombia
Páramo,Santander,Colombia
Piedecuesta,Santander,Colombia
Pinchote,Santander,Colombia
Puente Nacional,Santander,Colombia
Puerto Parra,Santander,Colombia
Puerto Wilches,Santander,Colombia
Rionegro,Santander,Colombia
Sabana de Torres,Santander,Colombia
San Andrés,Santander,Colombia
San Benito,Santander,Colombia
San Gil,Santander,Colombia
San Joaquín,Santander,Colombia
San José de Miranda,Santander,Colombia
San Miguel,Santander,Colombia
San Vicente de Chucurí,Santander,Colombia
Santa Bárbara,Santander,Colombia
Santa Helena Del Opón,Santander,Colombia
Simacota,Santander,Colombia
Socorro,Santander,Colombia
Suaita,Santander,Colombia
Sucre,Santander,Colombia
Suratá,Santander,Colombia
Tona,Santander,Colombia
Valle de San José,Santander,Colombia
Vélez,Santander,Colombia
Vetas,Santander,Colombia
Villanueva,Santander,Colombia
Zapatoca,Santander,Colombia
Buenavista,Sucre,Colombia
Caimito,Sucre,Colombia
Chalán,Sucre,Colombia
Coloso,Sucre,Colombia
Corozal,Sucre,Colombia
Coveñas,Sucre,Colombia
El Roble,Sucre,Colombia
Galeras,Sucre,Colombia
Guaranda,Sucre,Colombia
La Unión,Sucre,Colombia
Los Palmitos,Sucre,Colombia
Majagual,Sucre,Colombia
Morroa,Sucre,Colombia
Ovejas,Sucre,Colombia
Palmito,Sucre,Colombia
Sampués,Sucre,Colombia
San Benito Abad,Sucre,Colombia
San Juan de Betulia,Sucre,Colombia
San Luis de Sincé,Sucre,Colombia
San Marcos,Sucre,Colombia
San Onofre,Sucre,Colombia
San Pedro,Sucre,Colombia
Santiago de Tolú,Sucre,Colombia
Sincelejo,Sucre,Colombia
Sucre,Sucre,Colombia
Tolú Viejo,Sucre,Colombia
Alpujarra,Tolima,Colombia
Alvarado,Tolima,Colombia
Ambalema,Tolima,Colombia
Anzoátegui,Tolima,Colombia
Armero,Tolima,Colombia
Ataco,Tolima,Colombia
Cajamarca,Tolima,Colombia
Carmen de Apicalá,Tolima,Colombia
Casabianca,Tolima,Colombia
Chaparral,Tolima,Colombia
Coello,Tolima,Colombia
Coyaima,Tolima,Colombia
Cunday,Tolima,Colombia
Dolores,Tolima,Colombia
Espinal,Tolima,Colombia
Falan,Tolima,Colombia
Flandes,Tolima,Colombia
Fresno,Tolima,Colombia
Guamo,Tolima,Colombia
Herveo,Tolima,Colombia
Honda,Tolima,Colombia
Ibagué,Tolima,Colombia
Icononzo,Tolima,Colombia
Lérida,Tolima,Colombia
Líbano,Tolima,Colombia
Melgar,Tolima,Colombia
Murillo,Tolima,Colombia
Natagaima,Tolima,Colombia
Ortega,Tolima,Colombia
Palocabildo,Tolima,Colombia
Piedras,Tolima,Colombia
Planadas,Tolima,Colombia
Prado,Tolima,Colombia
Purificación,Tolima,Colombia
Rioblanco,Tolima,Colombia
Roncesvalles,Tolima,Colombia
Rovira,Tolima,Colombia
Saldaña,Tolima,Colombia
San Antonio,Tolima,Colombia
San Luis,Tolima,Colombia
San Sebastián de Mariquita,Tolima,Colombia
Santa Isabel,Tolima,Colombia
Suárez,Tolima,Colombia
Valle de San Juan,Tolima,Colombia
Venadillo,Tolima,Colombia
Villahermosa,Tolima,Colombia
Villarrica,Tolima,Colombia
Alcalá,Valle del Cauca,Colombia
Andalucía,Valle del Cauca,Colombia
Ansermanuevo,Valle del Cauca,Colombia
Argelia,Valle del Cauca,Colombia
Bolívar,Valle del Cauca,Colombia
Buenaventura,Valle del Cauca,Colombia
Bugalagrande,Valle del Cauca,Colombia
Caicedonia,Valle del Cauca,Colombia
Cali,Valle del Cauca,Colombia
Calima,Valle del Cauca,Colombia
Candelaria,Valle del Cauca,Colombia
Cartago,Valle del Cauca,Colombia
Dagua,Valle del Cauca,Colombia
El Águila,Valle del Cauca,Colombia
El Cairo,Valle del Cauca,Colombia
El Cerrito,Valle del Cauca,Colombia
El Dovio,Valle del Cauca,Colombia
Florida,Valle del Cauca,Colombia
Ginebra,Valle del Cauca,Colombia
Guacarí,Valle del Cauca,Colombia
Guadalajara de Buga,Valle del Cauca,Colombia
Jamundí,Valle del Cauca,Colombia
La Cumbre,Valle del Cauca,Colombia
La Unión,Valle del Cauca,Colombia
La Victoria,Valle del Cauca,Colombia
Obando,Valle del Cauca,Colombia
Palmira,Valle del Cauca,Colombia
Pradera,Valle del Cauca,Colombia
Restrepo,Valle del Cauca,Colombia
Riofrío,Valle del Cauca,Colombia
Roldanillo,Valle del Cauca,Colombia
San Pedro,Valle del Cauca,Colombia
Sevilla,Valle del Cauca,Colombia
Toro,Valle del Cauca,Colombia
Trujillo,Valle del Cauca,Colombia
Tuluá,Valle del Cauca,Colombia
Ulloa,Valle del Cauca,Colombia
Versalles,Valle del Cauca,Colombia
Vijes,Valle del Cauca,Colombia
Yotoco,Valle del Cauca,Colombia
Yumbo,Valle del Cauca,Colombia
Zarzal,Valle del Cauca,Colombia
Caruru,Vaupés,Colombia
Mitú,Vaupés,Colombia
Pacoa,Vaupés,Colombia
Papunaua,Vaupés,Colombia
Taraira,Vaupés,Colombia
Yavaraté,Vaupés,Colombia
Cumaribo,Vichada,Colombia
La Primavera,Vichada,Colombia
Puerto Carreño,Vichada,Colombia
Santa Rosalia,Vichada,Colombia
