id,ciudad,provincia,pais
0,El Encanto,Amazonas,Colombia
1,La Chorrera,Amazonas,Colombia
2,La Pedrera,Amazonas,Colombia
3,La Victoria,Amazonas,Colombia
4,Leticia,Amazonas,Colombia
5,Miriti - Paraná,Amazonas,Colombia
6,Puerto Alegría,Amazonas,Colombia
7,Puerto Arica,Amazonas,Colombia
8,Puerto Nariño,Amazonas,Colombia
9,Puerto Santander,Amazonas,Colombia
10,Tarapacá,Amazonas,Colombia
11,Abejorral,Antioquia,Colombia
12,Abriaquí,Antioquia,Colombia
13,Alejandría,Antioquia,Colombia
14,Amagá,Antioquia,Colombia
15,Amalfi,Antioquia,Colombia
16,Andes,Antioquia,Colombia
17,Angelópolis,Antioquia,Colombia
18,Angostura,Antioquia,Colombia
19,Anorí,Antioquia,Colombia
20,Anza,Antioquia,Colombia
21,Apartadó,Antioquia,Colombia
22,Arboletes,Antioquia,Colombia
23,Argelia,Antioquia,Colombia
24,Armenia,Antioquia,Colombia
25,Barbosa,Antioquia,Colombia
26,Bello,Antioquia,Colombia
27,Belmira,Antioquia,Colombia
28,Betania,Antioquia,Colombia
29,Betulia,Antioquia,Colombia
30,Briceño,Antioquia,Colombia
31,Buriticá,Antioquia,Colombia
32,Cáceres,Antioquia,Colombia
33,Caicedo,Antioquia,Colombia
34,Caldas,Antioquia,Colombia
35,Campamento,Antioquia,Colombia
36,Cañasgordas,Antioquia,Colombia
37,Caracolí,Antioquia,Colombia
38,Caramanta,Antioquia,Colombia
39,Carepa,Antioquia,Colombia
40,Carolina,Antioquia,Colombia
41,Caucasia,Antioquia,Colombia
42,Chigorodó,Antioquia,Colombia
43,Cisneros,Antioquia,Colombia
44,Ciudad Bolívar,Antioquia,Colombia
45,Cocorná,Antioquia,Colombia
46,Concepción,Antioquia,Colombia
47,Concordia,Antioquia,Colombia
48,Copacabana,Antioquia,Colombia
49,Dabeiba,Antioquia,Colombia
50,Donmatías,Antioquia,Colombia
51,Ebéjico,Antioquia,Colombia
52,El Bagre,Antioquia,Colombia
53,El Carmen de Viboral,Antioquia,Colombia
54,El Santuario,Antioquia,Colombia
55,Entrerrios,Antioquia,Colombia
56,Envigado,Antioquia,Colombia
57,Fredonia,Antioquia,Colombia
58,Frontino,Antioquia,Colombia
59,Giraldo,Antioquia,Colombia
60,Girardota,Antioquia,Colombia
61,Gómez Plata,Antioquia,Colombia
62,Granada,Antioquia,Colombia
63,Guadalupe,Antioquia,Colombia
64,Guarne,Antioquia,Colombia
65,Guatapé,Antioquia,Colombia
66,Heliconia,Antioquia,Colombia
67,Hispania,Antioquia,Colombia
68,Itagui,Antioquia,Colombia
69,Ituango,Antioquia,Colombia
70,Jardín,Antioquia,Colombia
71,Jericó,Antioquia,Colombia
72,La Ceja,Antioquia,Colombia
73,La Estrella,Antioquia,Colombia
74,La Pintada,Antioquia,Colombia
75,La Unión,Antioquia,Colombia
76,Liborina,Antioquia,Colombia
77,Maceo,Antioquia,Colombia
78,Marinilla,Antioquia,Colombia
79,Medellín,Antioquia,Colombia
80,Montebello,Antioquia,Colombia
81,Murindó,Antioquia,Colombia
82,Mutatá,Antioquia,Colombia
83,Nariño,Antioquia,Colombia
84,Nechí,Antioquia,Colombia
85,Necoclí,Antioquia,Colombia
86,Olaya,Antioquia,Colombia
87,Peñol,Antioquia,Colombia
88,Peque,Antioquia,Colombia
89,Pueblorrico,Antioquia,Colombia
90,Puerto Berrío,Antioquia,Colombia
91,Puerto Nare,Antioquia,Colombia
92,Puerto Triunfo,Antioquia,Colombia
93,Remedios,Antioquia,Colombia
94,Retiro,Antioquia,Colombia
95,Rionegro,Antioquia,Colombia
96,Sabanalarga,Antioquia,Colombia
97,Sabaneta,Antioquia,Colombia
98,Salgar,Antioquia,Colombia
99,San Andrés de Cuerquía,Antioquia,Colombia
100,San Carlos,Antioquia,Colombia
101,San Francisco,Antioquia,Colombia
102,San Jerónimo,Antioquia,Colombia
103,San José de la Montaña,Antioquia,Colombia
104,San Juan de Urabá,Antioquia,Colombia
105,San Luis,Antioquia,Colombia
106,San Pedro de los Milagros,Antioquia,Colombia
107,San Pedro de Uraba,Antioquia,Colombia
108,San Rafael,Antioquia,Colombia
109,San Roque,Antioquia,Colombia
110,San Vicente Ferrer,Antioquia,Colombia
111,Santa Bárbara,Antioquia,Colombia
112,Santa Fe de Antioquia,Antioquia,Colombia
113,Santa Rosa de Osos,Antioquia,Colombia
114,Santo Domingo,Antioquia,Colombia
115,Segovia,Antioquia,Colombia
116,Sonson,Antioquia,Colombia
117,Sopetrán,Antioquia,Colombia
118,Támesis,Antioquia,Colombia
119,Tarazá,Antioquia,Colombia
120,Tarso,Antioquia,Colombia
121,Titiribí,Antioquia,Colombia
122,Toledo,Antioquia,Colombia
123,Turbo,Antioquia,Colombia
124,Uramita,Antioquia,Colombia
125,Urrao,Antioquia,Colombia
126,Valdivia,Antioquia,Colombia
127,Valparaíso,Antioquia,Colombia
128,Vegachí,Antioquia,Colombia
129,Venecia,Antioquia,Colombia
130,Vigía del Fuerte,Antioquia,Colombia
131,Yalí,Antioquia,Colombia
132,Yarumal,Antioquia,Colombia
133,Yolombó,Antioquia,Colombia
134,Yondó,Antioquia,Colombia
135,Zaragoza,Antioquia,Colombia
136,Arauca,Arauca,Colombia
137,Arauquita,Arauca,Colombia
138,Cravo Norte,Arauca,Colombia
139,Fortul,Arauca,Colombia
140,Puerto Rondón,Arauca,Colombia
141,Saravena,Arauca,Colombia
142,Tame,Arauca,Colombia
143,Providencia,"Archipiélago de San Andrés, Providencia y Santa Catalina",Colombia
144,San Andrés,"Archipiélago de San Andrés, Providencia y Santa Catalina",Colombia
145,Baranoa,Atlántico,Colombia
146,Barranquilla,Atlántico,Colombia
147,Campo de la Cruz,Atlántico,Colombia
148,Candelaria,Atlántico,Colombia
149,Galapa,Atlántico,Colombia
150,Juan de Acosta,Atlántico,Colombia
151,Luruaco,Atlántico,Colombia
152,Malambo,Atlántico,Colombia
153,Manatí,Atlántico,Colombia
154,Palmar de Varela,Atlántico,Colombia
155,Piojó,Atlántico,Colombia
156,Polonuevo,Atlántico,Colombia
157,Ponedera,Atlántico,Colombia
158,Puerto Colombia,Atlántico,Colombia
159,Repelón,Atlántico,Colombia
160,Sabanagrande,Atlántico,Colombia
161,Sabanalarga,Atlántico,Colombia
162,Santa Lucía,Atlántico,Colombia
163,Santo Tomás,Atlántico,Colombia
164,Soledad,Atlántico,Colombia
165,Suan,Atlántico,Colombia
166,Tubará,Atlántico,Colombia
167,Usiacurí,Atlántico,Colombia
168,Bogotá D.C.,Bogotá D.C.,Colombia
169,Achí,Bolívar,Colombia
170,Altos del Rosario,Bolívar,Colombia
171,Arenal,Bolívar,Colombia
172,Arjona,Bolívar,Colombia
173,Arroyohondo,Bolívar,Colombia
174,Barranco de Loba,Bolívar,Colombia
175,Calamar,Bolívar,Colombia
176,Cantagallo,Bolívar,Colombia
177,Cartagena de Indias,Bolívar,Colombia
178,Cicuco,Bolívar,Colombia
179,Clemencia,Bolívar,Colombia
180,Córdoba,Bolívar,Colombia
181,El Carmen de Bolívar,Bolívar,Colombia
182,El Guamo,Bolívar,Colombia
183,El Peñón,Bolívar,Colombia
184,Hatillo de Loba,Bolívar,Colombia
185,Magangué,Bolívar,Colombia
186,Mahates,Bolívar,Colombia
187,Margarita,Bolívar,Colombia
188,María la Baja,Bolívar,Colombia
189,Mompós,Bolívar,Colombia
190,Montecristo,Bolívar,Colombia
191,Morales,Bolívar,Colombia
192,Norosí,Bolívar,Colombia
193,Pinillos,Bolívar,Colombia
194,Regidor,Bolívar,Colombia
195,Río Viejo,Bolívar,Colombia
196,San Cristóbal,Bolívar,Colombia
197,San Estanislao,Bolívar,Colombia
198,San Fernando,Bolívar,Colombia
199,San Jacinto,Bolívar,Colombia
200,San Jacinto del Cauca,Bolívar,Colombia
201,San Juan Nepomuceno,Bolívar,Colombia
202,San Martín de Loba,Bolívar,Colombia
203,San Pablo,Bolívar,Colombia
204,Santa Catalina,Bolívar,Colombia
205,Santa Rosa,Bolívar,Colombia
206,Santa Rosa del Sur,Bolívar,Colombia
207,Simití,Bolívar,Colombia
208,Soplaviento,Bolívar,Colombia
209,Talaigua Nuevo,Bolívar,Colombia
210,Tiquisio,Bolívar,Colombia
211,Turbaco,Bolívar,Colombia
212,Turbaná,Bolívar,Colombia
213,Villanueva,Bolívar,Colombia
214,Zambrano,Bolívar,Colombia
215,Almeida,Boyacá,Colombia
216,Aquitania,Boyacá,Colombia
217,Arcabuco,Boyacá,Colombia
218,Belén,Boyacá,Colombia
219,Berbeo,Boyacá,Colombia
220,Betéitiva,Boyacá,Colombia
221,Boavita,Boyacá,Colombia
222,Boyacá,Boyacá,Colombia
223,Briceño,Boyacá,Colombia
224,Buenavista,Boyacá,Colombia
225,Busbanzá,Boyacá,Colombia
226,Caldas,Boyacá,Colombia
227,Campohermoso,Boyacá,Colombia
228,Cerinza,Boyacá,Colombia
229,Chinavita,Boyacá,Colombia
230,Chiquinquirá,Boyacá,Colombia
231,Chíquiza,Boyacá,Colombia
232,Chiscas,Boyacá,Colombia
233,Chita,Boyacá,Colombia
234,Chitaraque,Boyacá,Colombia
235,Chivatá,Boyacá,Colombia
236,Chivor,Boyacá,Colombia
237,Ciénega,Boyacá,Colombia
238,Combita,Boyacá,Colombia
239,Coper,Boyacá,Colombia
240,Corrales,Boyacá,Colombia
241,Covarachía,Boyacá,Colombia
242,Cubará,Boyacá,Colombia
243,Cucaita,Boyacá,Colombia
244,Cuítiva,Boyacá,Colombia
245,Duitama,Boyacá,Colombia
246,El Cocuy,Boyacá,Colombia
247,El Espino,Boyacá,Colombia
248,Firavitoba,Boyacá,Colombia
249,Floresta,Boyacá,Colombia
250,Gachantivá,Boyacá,Colombia
251,Gameza,Boyacá,Colombia
252,Garagoa,Boyacá,Colombia
253,Guacamayas,Boyacá,Colombia
254,Guateque,Boyacá,Colombia
255,Guayatá,Boyacá,Colombia
256,Güicán,Boyacá,Colombia
257,Iza,Boyacá,Colombia
258,Jenesano,Boyacá,Colombia
259,Jericó,Boyacá,Colombia
260,La Capilla,Boyacá,Colombia
261,La Uvita,Boyacá,Colombia
262,La Victoria,Boyacá,Colombia
263,Labranzagrande,Boyacá,Colombia
264,Macanal,Boyacá,Colombia
265,Maripí,Boyacá,Colombia
266,Miraflores,Boyacá,Colombia
267,Mongua,Boyacá,Colombia
268,Monguí,Boyacá,Colombia
269,Moniquirá,Boyacá,Colombia
270,Motavita,Boyacá,Colombia
271,Muzo,Boyacá,Colombia
272,Nobsa,Boyacá,Colombia
273,Nuevo Colón,Boyacá,Colombia
274,Oicatá,Boyacá,Colombia
275,Otanche,Boyacá,Colombia
276,Pachavita,Boyacá,Colombia
277,Páez,Boyacá,Colombia
278,Paipa,Boyacá,Colombia
279,Pajarito,Boyacá,Colombia
280,Panqueba,Boyacá,Colombia
281,Pauna,Boyacá,Colombia
282,Paya,Boyacá,Colombia
283,Paz de Río,Boyacá,Colombia
284,Pesca,Boyacá,Colombia
285,Pisba,Boyacá,Colombia
286,Puerto Boyacá,Boyacá,Colombia
287,Quípama,Boyacá,Colombia
288,Ramiriquí,Boyacá,Colombia
289,Ráquira,Boyacá,Colombia
290,Rondón,Boyacá,Colombia
291,Saboyá,Boyacá,Colombia
292,Sáchica,Boyacá,Colombia
293,Samacá,Boyacá,Colombia
294,San Eduardo,Boyacá,Colombia
295,San José de Pare,Boyacá,Colombia
296,San Luis de Gaceno,Boyacá,Colombia
297,San Mateo,Boyacá,Colombia
298,San Miguel de Sema,Boyacá,Colombia
299,San Pablo de Borbur,Boyacá,Colombia
300,Santa María,Boyacá,Colombia
301,Santa Rosa de Viterbo,Boyacá,Colombia
302,Santa Sofía,Boyacá,Colombia
303,Santana,Boyacá,Colombia
304,Sativanorte,Boyacá,Colombia
305,Sativasur,Boyacá,Colombia
306,Siachoque,Boyacá,Colombia
307,Soatá,Boyacá,Colombia
308,Socha,Boyacá,Colombia
309,Socotá,Boyacá,Colombia
310,Sogamoso,Boyacá,Colombia
311,Somondoco,Boyacá,Colombia
312,Sora,Boyacá,Colombia
313,Soracá,Boyacá,Colombia
314,Sotaquirá,Boyacá,Colombia
315,Susacón,Boyacá,Colombia
316,Sutamarchán,Boyacá,Colombia
317,Sutatenza,Boyacá,Colombia
318,Tasco,Boyacá,Colombia
319,Tenza,Boyacá,Colombia
320,Tibaná,Boyacá,Colombia
321,Tibasosa,Boyacá,Colombia
322,Tinjacá,Boyacá,Colombia
323,Tipacoque,Boyacá,Colombia
324,Toca,Boyacá,Colombia
325,Togüí,Boyacá,Colombia
326,Tópaga,Boyacá,Colombia
327,Tota,Boyacá,Colombia
328,Tunja,Boyacá,Colombia
329,Tununguá,Boyacá,Colombia
330,Turmequé,Boyacá,Colombia
331,Tuta,Boyacá,Colombia
332,Tutazá,Boyacá,Colombia
333,Umbita,Boyacá,Colombia
334,Ventaquemada,Boyacá,Colombia
335,Villa de Leyva,Boyacá,Colombia
336,Viracachá,Boyacá,Colombia
337,Zetaquira,Boyacá,Colombia
338,Aguadas,Caldas,Colombia
339,Anserma,Caldas,Colombia
340,Aranzazu,Caldas,Colombia
341,Belalcázar,Caldas,Colombia
342,Chinchiná,Caldas,Colombia
343,Filadelfia,Caldas,Colombia
344,La Dorada,Caldas,Colombia
345,La Merced,Caldas,Colombia
346,Manizales,Caldas,Colombia
347,Manzanares,Caldas,Colombia
348,Marmato,Caldas,Colombia
349,Marquetalia,Caldas,Colombia
350,Marulanda,Caldas,Colombia
351,Neira,Caldas,Colombia
352,Norcasia,Caldas,Colombia
353,Pácora,Caldas,Colombia
354,Palestina,Caldas,Colombia
355,Pensilvania,Caldas,Colombia
356,Riosucio,Caldas,Colombia
357,Risaralda,Caldas,Colombia
358,Salamina,Caldas,Colombia
359,Samaná,Caldas,Colombia
360,San José,Caldas,Colombia
361,Supía,Caldas,Colombia
362,Victoria,Caldas,Colombia
363,Villamaría,Caldas,Colombia
364,Viterbo,Caldas,Colombia
365,Albania,Caquetá,Colombia
366,Belén de Los Andaquies,Caquetá,Colombia
367,Cartagena del Chairá,Caquetá,Colombia
368,Curillo,Caquetá,Colombia
369,El Doncello,Caquetá,Colombia
370,El Paujil,Caquetá,Colombia
371,Florencia,Caquetá,Colombia
372,La Montañita,Caquetá,Colombia
373,Milán,Caquetá,Colombia
374,Morelia,Caquetá,Colombia
375,Puerto Rico,Caquetá,Colombia
376,San José del Fragua,Caquetá,Colombia
377,San Vicente del Caguán,Caquetá,Colombia
378,Solano,Caquetá,Colombia
379,Solita,Caquetá,Colombia
380,Valparaíso,Caquetá,Colombia
381,Aguazul,Casanare,Colombia
382,Chameza,Casanare,Colombia
383,Hato Corozal,Casanare,Colombia
384,La Salina,Casanare,Colombia
385,Maní,Casanare,Colombia
386,Monterrey,Casanare,Colombia
387,Nunchía,Casanare,Colombia
388,Orocué,Casanare,Colombia
389,Paz de Ariporo,Casanare,Colombia
390,Pore,Casanare,Colombia
391,Recetor,Casanare,Colombia
392,Sabanalarga,Casanare,Colombia
393,Sácama,Casanare,Colombia
394,San Luis de Palenque,Casanare,Colombia
395,Támara,Casanare,Colombia
396,Tauramena,Casanare,Colombia
397,Trinidad,Casanare,Colombia
398,Villanueva,Casanare,Colombia
399,Yopal,Casanare,Colombia
400,Almaguer,Cauca,Colombia
401,Argelia,Cauca,Colombia
402,Balboa,Cauca,Colombia
403,Bolívar,Cauca,Colombia
404,Buenos Aires,Cauca,Colombia
405,Cajibío,Cauca,Colombia
406,Caldono,Cauca,Colombia
407,Caloto,Cauca,Colombia
408,Corinto,Cauca,Colombia
409,El Tambo,Cauca,Colombia
410,Florencia,Cauca,Colombia
411,Guachené,Cauca,Colombia
412,Guapi,Cauca,Colombia
413,Inzá,Cauca,Colombia
414,Jambaló,Cauca,Colombia
415,La Sierra,Cauca,Colombia
416,La Vega,Cauca,Colombia
417,López de Micay,Cauca,Colombia
418,Mercaderes,Cauca,Colombia
419,Miranda,Cauca,Colombia
420,Morales,Cauca,Colombia
421,Padilla,Cauca,Colombia
422,Páez,Cauca,Colombia
423,Patía,Cauca,Colombia
424,Piamonte,Cauca,Colombia
425,Piendamo,Cauca,Colombia
426,Popayán,Cauca,Colombia
427,Puerto Tejada,Cauca,Colombia
428,Puracé,Cauca,Colombia
429,Rosas,Cauca,Colombia
430,San Sebastián,Cauca,Colombia
431,Santa Rosa,Cauca,Colombia
432,Santander de Quilichao,Cauca,Colombia
433,Silvia,Cauca,Colombia
434,Sotará,Cauca,Colombia
435,Suárez,Cauca,Colombia
436,Sucre,Cauca,Colombia
437,Timbío,Cauca,Colombia
438,Timbiquí,Cauca,Colombia
439,Toribio,Cauca,Colombia
440,Totoró,Cauca,Colombia
441,Villa Rica,Cauca,Colombia
442,Aguachica,Cesar,Colombia
443,Agustín Codazzi,Cesar,Colombia
444,Astrea,Cesar,Colombia
445,Becerril,Cesar,Colombia
446,Bosconia,Cesar,Colombia
447,Chimichagua,Cesar,Colombia
448,Chiriguaná,Cesar,Colombia
449,Curumaní,Cesar,Colombia
450,El Copey,Cesar,Colombia
451,El Paso,Cesar,Colombia
452,Gamarra,Cesar,Colombia
453,González,Cesar,Colombia
454,La Gloria,Cesar,Colombia
455,La Jagua de Ibirico,Cesar,Colombia
456,La Paz,Cesar,Colombia
457,Manaure Balcón del Cesar,Cesar,Colombia
458,Pailitas,Cesar,Colombia
459,Pelaya,Cesar,Colombia
460,Pueblo Bello,Cesar,Colombia
461,Río de Oro,Cesar,Colombia
462,San Alberto,Cesar,Colombia
463,San Diego,Cesar,Colombia
464,San Martín,Cesar,Colombia
465,Tamalameque,Cesar,Colombia
466,Valledupar,Cesar,Colombia
467,Acandí,Chocó,Colombia
468,Alto Baudó,Chocó,Colombia
469,Atrato,Chocó,Colombia
470,Bagadó,Chocó,Colombia
471,Bahía Solano,Chocó,Colombia
472,Bajo Baudó,Chocó,Colombia
473,Bojayá,Chocó,Colombia
474,Carmen del Darien,Chocó,Colombia
475,Cértegui,Chocó,Colombia
476,Condoto,Chocó,Colombia
477,El Cantón de San Pablo,Chocó,Colombia
478,El Carmen de Atrato,Chocó,Colombia
479,Istmina,Chocó,Colombia
480,Juradó,Chocó,Colombia
481,Litoral del San Juan,Chocó,Colombia
482,Lloró,Chocó,Colombia
483,Medio Atrato,Chocó,Colombia
484,Medio Baudó,Chocó,Colombia
485,Medio San Juan,Chocó,Colombia
486,Nóvita,Chocó,Colombia
487,Nuquí,Chocó,Colombia
488,Quibdó,Chocó,Colombia
489,Río Iro,Chocó,Colombia
490,Río Quito,Chocó,Colombia
491,Riosucio,Chocó,Colombia
492,San José del Palmar,Chocó,Colombia
493,Sipí,Chocó,Colombia
494,Tadó,Chocó,Colombia
495,Unguía,Chocó,Colombia
496,Unión Panamericana,Chocó,Colombia
497,Ayapel,Córdoba,Colombia
498,Buenavista,Córdoba,Colombia
499,Canalete,Córdoba,Colombia
500,Cereté,Córdoba,Colombia
501,Chimá,Córdoba,Colombia
502,Chinú,Córdoba,Colombia
503,Ciénaga de Oro,Córdoba,Colombia
504,Cotorra,Córdoba,Colombia
505,La Apartada,Córdoba,Colombia
506,Lorica,Córdoba,Colombia
507,Los Córdobas,Córdoba,Colombia
508,Momil,Córdoba,Colombia
509,Moñitos,Córdoba,Colombia
510,Montelíbano,Córdoba,Colombia
511,Montería,Córdoba,Colombia
512,Planeta Rica,Córdoba,Colombia
513,Pueblo Nuevo,Córdoba,Colombia
514,Puerto Escondido,Córdoba,Colombia
515,Puerto Libertador,Córdoba,Colombia
516,Purísima,Córdoba,Colombia
517,Sahagún,Córdoba,Colombia
518,San Andrés de Sotavento,Córdoba,Colombia
519,San Antero,Córdoba,Colombia
520,San Bernardo del Viento,Córdoba,Colombia
521,San Carlos,Córdoba,Colombia
522,San José de Uré,Córdoba,Colombia
523,San Pelayo,Córdoba,Colombia
524,Tierralta,Córdoba,Colombia
525,Tuchín,Córdoba,Colombia
526,Valencia,Córdoba,Colombia
527,Agua de Dios,Cundinamarca,Colombia
528,Albán,Cundinamarca,Colombia
529,Anapoima,Cundinamarca,Colombia
530,Anolaima,Cundinamarca,Colombia
531,Apulo,Cundinamarca,Colombia
532,Arbeláez,Cundinamarca,Colombia
533,Beltrán,Cundinamarca,Colombia
534,Bituima,Cundinamarca,Colombia
535,Bogotá D.C.,Cundinamarca,Colombia
536,Bojacá,Cundinamarca,Colombia
537,Cabrera,Cundinamarca,Colombia
538,Cachipay,Cundinamarca,Colombia
539,Cajicá,Cundinamarca,Colombia
540,Caparrapí,Cundinamarca,Colombia
541,Caqueza,Cundinamarca,Colombia
542,Carmen de Carupa,Cundinamarca,Colombia
543,Chaguaní,Cundinamarca,Colombia
544,Chía,Cundinamarca,Colombia
545,Chipaque,Cundinamarca,Colombia
546,Choachí,Cundinamarca,Colombia
547,Chocontá,Cundinamarca,Colombia
548,Cogua,Cundinamarca,Colombia
549,Cota,Cundinamarca,Colombia
550,Cucunubá,Cundinamarca,Colombia
551,El Colegio,Cundinamarca,Colombia
552,El Peñón,Cundinamarca,Colombia
553,El Rosal,Cundinamarca,Colombia
554,Facatativá,Cundinamarca,Colombia
555,Fomeque,Cundinamarca,Colombia
556,Fosca,Cundinamarca,Colombia
557,Funza,Cundinamarca,Colombia
558,Fúquene,Cundinamarca,Colombia
559,Fusagasugá,Cundinamarca,Colombia
560,Gachala,Cundinamarca,Colombia
561,Gachancipá,Cundinamarca,Colombia
562,Gachetá,Cundinamarca,Colombia
563,Gama,Cundinamarca,Colombia
564,Girardot,Cundinamarca,Colombia
565,Granada,Cundinamarca,Colombia
566,Guachetá,Cundinamarca,Colombia
567,Guaduas,Cundinamarca,Colombia
568,Guasca,Cundinamarca,Colombia
569,Guataquí,Cundinamarca,Colombia
570,Guatavita,Cundinamarca,Colombia
571,Guayabal de Siquima,Cundinamarca,Colombia
572,Guayabetal,Cundinamarca,Colombia
573,Gutiérrez,Cundinamarca,Colombia
574,Jerusalén,Cundinamarca,Colombia
575,Junín,Cundinamarca,Colombia
576,La Calera,Cundinamarca,Colombia
577,La Mesa,Cundinamarca,Colombia
578,La Palma,Cundinamarca,Colombia
579,La Peña,Cundinamarca,Colombia
580,La Vega,Cundinamarca,Colombia
581,Lenguazaque,Cundinamarca,Colombia
582,Macheta,Cundinamarca,Colombia
583,Madrid,Cundinamarca,Colombia
584,Manta,Cundinamarca,Colombia
585,Medina,Cundinamarca,Colombia
586,Mosquera,Cundinamarca,Colombia
587,Nariño,Cundinamarca,Colombia
588,Nemocón,Cundinamarca,Colombia
589,Nilo,Cundinamarca,Colombia
590,Nimaima,Cundinamarca,Colombia
591,Nocaima,Cundinamarca,Colombia
592,Pacho,Cundinamarca,Colombia
593,Paime,Cundinamarca,Colombia
594,Pandi,Cundinamarca,Colombia
595,Paratebueno,Cundinamarca,Colombia
596,Pasca,Cundinamarca,Colombia
597,Puerto Salgar,Cundinamarca,Colombia
598,Pulí,Cundinamarca,Colombia
599,Quebradanegra,Cundinamarca,Colombia
600,Quetame,Cundinamarca,Colombia
601,Quipile,Cundinamarca,Colombia
602,Ricaurte,Cundinamarca,Colombia
603,San Antonio del Tequendama,Cundinamarca,Colombia
604,San Bernardo,Cundinamarca,Colombia
605,San Cayetano,Cundinamarca,Colombia
606,San Francisco,Cundinamarca,Colombia
607,San Juan de Río Seco,Cundinamarca,Colombia
608,Sasaima,Cundinamarca,Colombia
609,Sesquilé,Cundinamarca,Colombia
610,Sibaté,Cundinamarca,Colombia
611,Silvania,Cundinamarca,Colombia
612,Simijaca,Cundinamarca,Colombia
613,Soacha,Cundinamarca,Colombia
614,Sopó,Cundinamarca,Colombia
615,Subachoque,Cundinamarca,Colombia
616,Suesca,Cundinamarca,Colombia
617,Supatá,Cundinamarca,Colombia
618,Susa,Cundinamarca,Colombia
619,Sutatausa,Cundinamarca,Colombia
620,Tabio,Cundinamarca,Colombia
621,Tausa,Cundinamarca,Colombia
622,Tena,Cundinamarca,Colombia
623,Tenjo,Cundinamarca,Colombia
624,Tibacuy,Cundinamarca,Colombia
625,Tibirita,Cundinamarca,Colombia
626,Tocaima,Cundinamarca,Colombia
627,Tocancipá,Cundinamarca,Colombia
628,Topaipí,Cundinamarca,Colombia
629,Ubalá,Cundinamarca,Colombia
630,Ubaque,Cundinamarca,Colombia
631,Une,Cundinamarca,Colombia
632,Útica,Cundinamarca,Colombia
633,Venecia,Cundinamarca,Colombia
634,Vergara,Cundinamarca,Colombia
635,Vianí,Cundinamarca,Colombia
636,Villa de San Diego de Ubate,Cundinamarca,Colombia
637,Villagómez,Cundinamarca,Colombia
638,Villapinzón,Cundinamarca,Colombia
639,Villeta,Cundinamarca,Colombia
640,Viotá,Cundinamarca,Colombia
641,Yacopí,Cundinamarca,Colombia
642,Zipacón,Cundinamarca,Colombia
643,Zipaquirá,Cundinamarca,Colombia
644,Barranco Minas,Guainía,Colombia
645,Cacahual,Guainía,Colombia
646,Inírida,Guainía,Colombia
647,La Guadalupe,Guainía,Colombia
648,Mapiripana,Guainía,Colombia
649,Morichal,Guainía,Colombia
650,Pana Pana,Guainía,Colombia
651,Puerto Colombia,Guainía,Colombia
652,San Felipe,Guainía,Colombia
653,Calamar,Guaviare,Colombia
654,El Retorno,Guaviare,Colombia
655,Miraflores,Guaviare,Colombia
656,San José del Guaviare,Guaviare,Colombia
657,Acevedo,Huila,Colombia
658,Aipe,Huila,Colombia
659,Algeciras,Huila,Colombia
660,Altamira,Huila,Colombia
661,Baraya,Huila,Colombia
662,Campoalegre,Huila,Colombia
663,Colombia,Huila,Colombia
664,El Agrado,Huila,Colombia
665,Elias,Huila,Colombia
666,Garzón,Huila,Colombia
667,Gigante,Huila,Colombia
668,Guadalupe,Huila,Colombia
669,Hobo,Huila,Colombia
670,Iquira,Huila,Colombia
671,Isnos,Huila,Colombia
672,La Argentina,Huila,Colombia
673,La Plata,Huila,Colombia
674,Nataga,Huila,Colombia
675,Neiva,Huila,Colombia
676,Oporapa,Huila,Colombia
677,Paicol,Huila,Colombia
678,Palermo,Huila,Colombia
679,Palestina,Huila,Colombia
680,Pital,Huila,Colombia
681,Pitalito,Huila,Colombia
682,Rivera,Huila,Colombia
683,Saladoblanco,Huila,Colombia
684,San Agustín,Huila,Colombia
685,Santa María,Huila,Colombia
686,Suaza,Huila,Colombia
687,Tarqui,Huila,Colombia
688,Tello,Huila,Colombia
689,Teruel,Huila,Colombia
690,Tesalia,Huila,Colombia
691,Timana,Huila,Colombia
692,Villavieja,Huila,Colombia
693,Yaguará,Huila,Colombia
694,Albania,La Guajira,Colombia
695,Barrancas,La Guajira,Colombia
696,Dibulla,La Guajira,Colombia
697,Distracción,La Guajira,Colombia
698,El Molino,La Guajira,Colombia
699,Fonseca,La Guajira,Colombia
700,Hatonuevo,La Guajira,Colombia
701,La Jagua del Pilar,La Guajira,Colombia
702,Maicao,La Guajira,Colombia
703,Manaure,La Guajira,Colombia
704,Riohacha,La Guajira,Colombia
705,San Juan del Cesar,La Guajira,Colombia
706,Uribia,La Guajira,Colombia
707,Urumita,La Guajira,Colombia
708,Villanueva,La Guajira,Colombia
709,Algarrobo,Magdalena,Colombia
710,Aracataca,Magdalena,Colombia
711,Ariguaní,Magdalena,Colombia
712,Cerro de San Antonio,Magdalena,Colombia
713,Chivolo,Magdalena,Colombia
714,Ciénaga,Magdalena,Colombia
715,Concordia,Magdalena,Colombia
716,El Banco,Magdalena,Colombia
717,El Piñon,Magdalena,Colombia
718,El Retén,Magdalena,Colombia
719,Fundación,Magdalena,Colombia
720,Guamal,Magdalena,Colombia
721,Nueva Granada,Magdalena,Colombia
722,Pedraza,Magdalena,Colombia
723,Pijiño del Carmen,Magdalena,Colombia
724,Pivijay,Magdalena,Colombia
725,Plato,Magdalena,Colombia
726,Puebloviejo,Magdalena,Colombia
727,Remolino,Magdalena,Colombia
728,Sabanas de San Angel,Magdalena,Colombia
729,Salamina,Magdalena,Colombia
730,San Sebastián de Buenavista,Magdalena,Colombia
731,San Zenón,Magdalena,Colombia
732,Santa Ana,Magdalena,Colombia
733,Santa Bárbara de Pinto,Magdalena,Colombia
734,Santa Marta,Magdalena,Colombia
735,Sitionuevo,Magdalena,Colombia
736,Tenerife,Magdalena,Colombia
737,Zapayán,Magdalena,Colombia
738,Zona Bananera,Magdalena,Colombia
739,Acacías,Meta,Colombia
740,Barranca de Upía,Meta,Colombia
741,Cabuyaro,Meta,Colombia
742,Castilla la Nueva,Meta,Colombia
743,Cubarral,Meta,Colombia
744,Cumaral,Meta,Colombia
745,El Calvario,Meta,Colombia
746,El Castillo,Meta,Colombia
747,El Dorado,Meta,Colombia
748,Fuente de Oro,Meta,Colombia
749,Granada,Meta,Colombia
750,Guamal,Meta,Colombia
751,La Macarena,Meta,Colombia
752,Lejanías,Meta,Colombia
753,Mapiripán,Meta,Colombia
754,Mesetas,Meta,Colombia
755,Puerto Concordia,Meta,Colombia
756,Puerto Gaitán,Meta,Colombia
757,Puerto Lleras,Meta,Colombia
758,Puerto López,Meta,Colombia
759,Puerto Rico,Meta,Colombia
760,Restrepo,Meta,Colombia
761,San Carlos de Guaroa,Meta,Colombia
762,San Juan de Arama,Meta,Colombia
763,San Juanito,Meta,Colombia
764,San Martín,Meta,Colombia
765,Uribe,Meta,Colombia
766,Villavicencio,Meta,Colombia
767,Vistahermosa,Meta,Colombia
768,Aldana,Nariño,Colombia
769,Ancuya,Nariño,Colombia
770,Arboleda,Nariño,Colombia
771,Barbacoas,Nariño,Colombia
772,Belén,Nariño,Colombia
773,Buesaco,Nariño,Colombia
774,Chachagüí,Nariño,Colombia
775,Colón,Nariño,Colombia
776,Consaca,Nariño,Colombia
777,Contadero,Nariño,Colombia
778,Córdoba,Nariño,Colombia
779,Cuaspud,Nariño,Colombia
780,Cumbal,Nariño,Colombia
781,Cumbitara,Nariño,Colombia
782,El Charco,Nariño,Colombia
783,El Peñol,Nariño,Colombia
784,El Rosario,Nariño,Colombia
785,El Tablón de Gómez,Nariño,Colombia
786,El Tambo,Nariño,Colombia
787,Francisco Pizarro,Nariño,Colombia
788,Funes,Nariño,Colombia
789,Guachucal,Nariño,Colombia
790,Guaitarilla,Nariño,Colombia
791,Gualmatán,Nariño,Colombia
792,Iles,Nariño,Colombia
793,Imués,Nariño,Colombia
794,Ipiales,Nariño,Colombia
795,La Cruz,Nariño,Colombia
796,La Florida,Nariño,Colombia
797,La Llanada,Nariño,Colombia
798,La Tola,Nariño,Colombia
799,La Unión,Nariño,Colombia
800,Leiva,Nariño,Colombia
801,Linares,Nariño,Colombia
802,Los Andes,Nariño,Colombia
803,Magüí Payán,Nariño,Colombia
804,Mallama,Nariño,Colombia
805,Mosquera,Nariño,Colombia
806,Nariño,Nariño,Colombia
807,Olaya Herrera,Nariño,Colombia
808,Ospina,Nariño,Colombia
809,Pasto,Nariño,Colombia
810,Policarpa,Nariño,Colombia
811,Potosí,Nariño,Colombia
812,Providencia,Nariño,Colombia
813,Puerres,Nariño,Colombia
814,Pupiales,Nariño,Colombia
815,Ricaurte,Nariño,Colombia
816,Roberto Payán,Nariño,Colombia
817,Samaniego,Nariño,Colombia
818,San Bernardo,Nariño,Colombia
819,San José de Albán,Nariño,Colombia
820,San Lorenzo,Nariño,Colombia
821,San Pablo,Nariño,Colombia
822,San Pedro de Cartago,Nariño,Colombia
823,Sandoná,Nariño,Colombia
824,Santa Bárbara,Nariño,Colombia
825,Santacruz,Nariño,Colombia
826,Sapuyes,Nariño,Colombia
827,Taminango,Nariño,Colombia
828,Tangua,Nariño,Colombia
829,Tumaco,Nariño,Colombia
830,Túquerres,Nariño,Colombia
831,Yacuanquer,Nariño,Colombia
832,Abrego,Norte de Santander,Colombia
833,Arboledas,Norte de Santander,Colombia
834,Bochalema,Norte de Santander,Colombia
835,Bucarasica,Norte de Santander,Colombia
836,Cachirá,Norte de Santander,Colombia
837,Cácota,Norte de Santander,Colombia
838,Chinácota,Norte de Santander,Colombia
839,Chitagá,Norte de Santander,Colombia
840,Convención,Norte de Santander,Colombia
841,Cúcuta,Norte de Santander,Colombia
842,Cucutilla,Norte de Santander,Colombia
843,Durania,Norte de Santander,Colombia
844,El Carmen,Norte de Santander,Colombia
845,El Tarra,Norte de Santander,Colombia
846,El Zulia,Norte de Santander,Colombia
847,Gramalote,Norte de Santander,Colombia
848,Hacarí,Norte de Santander,Colombia
849,Herrán,Norte de Santander,Colombia
850,La Esperanza,Norte de Santander,Colombia
851,La Playa,Norte de Santander,Colombia
852,Labateca,Norte de Santander,Colombia
853,Los Patios,Norte de Santander,Colombia
854,Lourdes,Norte de Santander,Colombia
855,Mutiscua,Norte de Santander,Colombia
856,Ocaña,Norte de Santander,Colombia
857,Pamplona,Norte de Santander,Colombia
858,Pamplonita,Norte de Santander,Colombia
859,Puerto Santander,Norte de Santander,Colombia
860,Ragonvalia,Norte de Santander,Colombia
861,Salazar,Norte de Santander,Colombia
862,San Calixto,Norte de Santander,Colombia
863,San Cayetano,Norte de Santander,Colombia
864,Santiago,Norte de Santander,Colombia
865,Sardinata,Norte de Santander,Colombia
866,Silos,Norte de Santander,Colombia
867,Teorama,Norte de Santander,Colombia
868,Tibú,Norte de Santander,Colombia
869,Toledo,Norte de Santander,Colombia
870,Villa Caro,Norte de Santander,Colombia
871,Villa del Rosario,Norte de Santander,Colombia
872,Colón,Putumayo,Colombia
873,Mocoa,Putumayo,Colombia
874,Orito,Putumayo,Colombia
875,Puerto Asís,Putumayo,Colombia
876,Puerto Caicedo,Putumayo,Colombia
877,Puerto Guzmán,Putumayo,Colombia
878,Puerto Leguízamo,Putumayo,Colombia
879,San Francisco,Putumayo,Colombia
880,San Miguel,Putumayo,Colombia
881,Santiago,Putumayo,Colombia
882,Sibundoy,Putumayo,Colombia
883,Valle del Guamuez,Putumayo,Colombia
884,Villagarzón,Putumayo,Colombia
885,Armenia,Quindío,Colombia
886,Buenavista,Quindío,Colombia
887,Calarca,Quindío,Colombia
888,Circasia,Quindío,Colombia
889,Córdoba,Quindío,Colombia
890,Filandia,Quindío,Colombia
891,Génova,Quindío,Colombia
892,La Tebaida,Quindío,Colombia
893,Montenegro,Quindío,Colombia
894,Pijao,Quindío,Colombia
895,Quimbaya,Quindío,Colombia
896,Salento,Quindío,Colombia
897,Apía,Risaralda,Colombia
898,Balboa,Risaralda,Colombia
899,Belén de Umbría,Risaralda,Colombia
900,Dosquebradas,Risaralda,Colombia
901,Guática,Risaralda,Colombia
902,La Celia,Risaralda,Colombia
903,La Virginia,Risaralda,Colombia
904,Marsella,Risaralda,Colombia
905,Mistrató,Risaralda,Colombia
906,Pereira,Risaralda,Colombia
907,Pueblo Rico,Risaralda,Colombia
908,Quinchía,Risaralda,Colombia
909,Santa Rosa de Cabal,Risaralda,Colombia
910,Santuario,Risaralda,Colombia
911,Aguada,Santander,Colombia
912,Albania,Santander,Colombia
913,Aratoca,Santander,Colombia
914,Barbosa,Santander,Colombia
915,Barichara,Santander,Colombia
916,Barrancabermeja,Santander,Colombia
917,Betulia,Santander,Colombia
918,Bolívar,Santander,Colombia
919,Bucaramanga,Santander,Colombia
920,Cabrera,Santander,Colombia
921,California,Santander,Colombia
922,Capitanejo,Santander,Colombia
923,Carcasí,Santander,Colombia
924,Cepitá,Santander,Colombia
925,Cerrito,Santander,Colombia
926,Charalá,Santander,Colombia
927,Charta,Santander,Colombia
928,Chima,Santander,Colombia
929,Chipatá,Santander,Colombia
930,Cimitarra,Santander,Colombia
931,Concepción,Santander,Colombia
932,Confines,Santander,Colombia
933,Contratación,Santander,Colombia
934,Coromoro,Santander,Colombia
935,Curití,Santander,Colombia
936,El Carmen de Chucurí,Santander,Colombia
937,El Guacamayo,Santander,Colombia
938,El Peñón,Santander,Colombia
939,El Playón,Santander,Colombia
940,Encino,Santander,Colombia
941,Enciso,Santander,Colombia
942,Florián,Santander,Colombia
943,Floridablanca,Santander,Colombia
944,Galán,Santander,Colombia
945,Gambita,Santander,Colombia
946,Girón,Santander,Colombia
947,Guaca,Santander,Colombia
948,Guadalupe,Santander,Colombia
949,Guapotá,Santander,Colombia
950,Guavatá,Santander,Colombia
951,Güepsa,Santander,Colombia
952,Hato,Santander,Colombia
953,Jesús María,Santander,Colombia
954,Jordán,Santander,Colombia
955,La Belleza,Santander,Colombia
956,La Paz,Santander,Colombia
957,Landázuri,Santander,Colombia
958,Lebrija,Santander,Colombia
959,Los Santos,Santander,Colombia
960,Macaravita,Santander,Colombia
961,Málaga,Santander,Colombia
962,Matanza,Santander,Colombia
963,Mogotes,Santander,Colombia
964,Molagavita,Santander,Colombia
965,Ocamonte,Santander,Colombia
966,Oiba,Santander,Colombia
967,Onzaga,Santander,Colombia
968,Palmar,Santander,Colombia
969,Palmas del Socorro,Santander,Colombia
970,Páramo,Santander,Colombia
971,Piedecuesta,Santander,Colombia
972,Pinchote,Santander,Colombia
973,Puente Nacional,Santander,Colombia
974,Puerto Parra,Santander,Colombia
975,Puerto Wilches,Santander,Colombia
976,Rionegro,Santander,Colombia
977,Sabana de Torres,Santander,Colombia
978,San Andrés,Santander,Colombia
979,San Benito,Santander,Colombia
980,San Gil,Santander,Colombia
981,San Joaquín,Santander,Colombia
982,San José de Miranda,Santander,Colombia
983,San Miguel,Santander,Colombia
984,San Vicente de Chucurí,Santander,Colombia
985,Santa Bárbara,Santander,Colombia
986,Santa Helena Del Opón,Santander,Colombia
987,Simacota,Santander,Colombia
988,Socorro,Santander,Colombia
989,Suaita,Santander,Colombia
990,Sucre,Santander,Colombia
991,Suratá,Santander,Colombia
992,Tona,Santander,Colombia
993,Valle de San José,Santander,Colombia
994,Vélez,Santander,Colombia
995,Vetas,Santander,Colombia
996,Villanueva,Santander,Colombia
997,Zapatoca,Santander,Colombia
998,Buenavista,Sucre,Colombia
999,Caimito,Sucre,Colombia
1000,Chalán,Sucre,Colombia
1001,Coloso,Sucre,Colombia
1002,Corozal,Sucre,Colombia
1003,Coveñas,Sucre,Colombia
1004,El Roble,Sucre,Colombia
1005,Galeras,Sucre,Colombia
1006,Guaranda,Sucre,Colombia
1007,La Unión,Sucre,Colombia
1008,Los Palmitos,Sucre,Colombia
1009,Majagual,Sucre,Colombia
1010,Morroa,Sucre,Colombia
1011,Ovejas,Sucre,Colombia
1012,Palmito,Sucre,Colombia
1013,Sampués,Sucre,Colombia
1014,San Benito Abad,Sucre,Colombia
1015,San Juan de Betulia,Sucre,Colombia
1016,San Luis de Sincé,Sucre,Colombia
1017,San Marcos,Sucre,Colombia
1018,San Onofre,Sucre,Colombia
1019,San Pedro,Sucre,Colombia
1020,Santiago de Tolú,Sucre,Colombia
1021,Sincelejo,Sucre,Colombia
1022,Sucre,Sucre,Colombia
1023,Tolú Viejo,Sucre,Colombia
1024,Alpujarra,Tolima,Colombia
1025,Alvarado,Tolima,Colombia
1026,Ambalema,Tolima,Colombia
1027,Anzoátegui,Tolima,Colombia
1028,Armero,Tolima,Colombia
1029,Ataco,Tolima,Colombia
1030,Cajamarca,Tolima,Colombia
1031,Carmen de Apicalá,Tolima,Colombia
1032,Casabianca,Tolima,Colombia
1033,Chaparral,Tolima,Colombia
1034,Coello,Tolima,Colombia
1035,Coyaima,Tolima,Colombia
1036,Cunday,Tolima,Colombia
1037,Dolores,Tolima,Colombia
1038,Espinal,Tolima,Colombia
1039,Falan,Tolima,Colombia
1040,Flandes,Tolima,Colombia
1041,Fresno,Tolima,Colombia
1042,Guamo,Tolima,Colombia
1043,Herveo,Tolima,Colombia
1044,Honda,Tolima,Colombia
1045,Ibagué,Tolima,Colombia
1046,Icononzo,Tolima,Colombia
1047,Lérida,Tolima,Colombia
1048,Líbano,Tolima,Colombia
1049,Melgar,Tolima,Colombia
1050,Murillo,Tolima,Colombia
1051,Natagaima,Tolima,Colombia
1052,Ortega,Tolima,Colombia
1053,Palocabildo,Tolima,Colombia
1054,Piedras,Tolima,Colombia
1055,Planadas,Tolima,Colombia
1056,Prado,Tolima,Colombia
1057,Purificación,Tolima,Colombia
1058,Rioblanco,Tolima,Colombia
1059,Roncesvalles,Tolima,Colombia
1060,Rovira,Tolima,Colombia
1061,Saldaña,Tolima,Colombia
1062,San Antonio,Tolima,Colombia
1063,San Luis,Tolima,Colombia
1064,San Sebastián de Mariquita,Tolima,Colombia
1065,Santa Isabel,Tolima,Colombia
1066,Suárez,Tolima,Colombia
1067,Valle de San Juan,Tolima,Colombia
1068,Venadillo,Tolima,Colombia
1069,Villahermosa,Tolima,Colombia
1070,Villarrica,Tolima,Colombia
1071,Alcalá,Valle del Cauca,Colombia
1072,Andalucía,Valle del Cauca,Colombia
1073,Ansermanuevo,Valle del Cauca,Colombia
1074,Argelia,Valle del Cauca,Colombia
1075,Bolívar,Valle del Cauca,Colombia
1076,Buenaventura,Valle del Cauca,Colombia
1077,Bugalagrande,Valle del Cauca,Colombia
1078,Caicedonia,Valle del Cauca,Colombia
1079,Cali,Valle del Cauca,Colombia
1080,Calima,Valle del Cauca,Colombia
1081,Candelaria,Valle del Cauca,Colombia
1082,Cartago,Valle del Cauca,Colombia
1083,Dagua,Valle del Cauca,Colombia
1084,El Águila,Valle del Cauca,Colombia
1085,El Cairo,Valle del Cauca,Colombia
1086,El Cerrito,Valle del Cauca,Colombia
1087,El Dovio,Valle del Cauca,Colombia
1088,Florida,Valle del Cauca,Colombia
1089,Ginebra,Valle del Cauca,Colombia
1090,Guacarí,Valle del Cauca,Colombia
1091,Guadalajara de Buga,Valle del Cauca,Colombia
1092,Jamundí,Valle del Cauca,Colombia
1093,La Cumbre,Valle del Cauca,Colombia
1094,La Unión,Valle del Cauca,Colombia
1095,La Victoria,Valle del Cauca,Colombia
1096,Obando,Valle del Cauca,Colombia
1097,Palmira,Valle del Cauca,Colombia
1098,Pradera,Valle del Cauca,Colombia
1099,Restrepo,Valle del Cauca,Colombia
1100,Riofrío,Valle del Cauca,Colombia
1101,Roldanillo,Valle del Cauca,Colombia
1102,San Pedro,Valle del Cauca,Colombia
1103,Sevilla,Valle del Cauca,Colombia
1104,Toro,Valle del Cauca,Colombia
1105,Trujillo,Valle del Cauca,Colombia
1106,Tuluá,Valle del Cauca,Colombia
1107,Ulloa,Valle del Cauca,Colombia
1108,Versalles,Valle del Cauca,Colombia
1109,Vijes,Valle del Cauca,Colombia
1110,Yotoco,Valle del Cauca,Colombia
1111,Yumbo,Valle del Cauca,Colombia
1112,Zarzal,Valle del Cauca,Colombia
1113,Caruru,Vaupés,Colombia
1114,Mitú,Vaupés,Colombia
1115,Pacoa,Vaupés,Colombia
1116,Papunaua,Vaupés,Colombia
1117,Taraira,Vaupés,Colombia
1118,Yavaraté,Vaupés,Colombia
1119,Cumaribo,Vichada,Colombia
1120,La Primavera,Vichada,Colombia
1121,Puerto Carreño,Vichada,Colombia
1122,Santa Rosalia,Vichada,Colombia
